,brand,manufacturer,publisher
0,black & decker,black & decker,black & decker
1,breville,breville,breville
2,simpletaste,1byone,1byone
3,bella,d&h distributing - sensio products,d&h distributing - sensio products
4,aicok,aicok,aicok
5,nutri-stahl,nutri-stahl,nutri-stahl
6,aerogrow,aerogrow,aerogrow
7,kitchenaid,kitchenaid,kitchenaid
8,hamilton beach,hamilton beach,hamilton beach
9,kitchenaid,kitchenaid,kitchenaid
10,prepworks from progressive,progressive,progressive
11,weber,weber,weber
12,vonshef,designer habitat ltd,designer habitat ltd
13,black & decker,black & decker,black & decker
14,weber,weber,weber
15,char-broil,char-broil,char-broil
16,breville,breville kitchenware,breville kitchenware
17,breville,breville kitchenware,breville kitchenware
18,bella,d&h distributing - sensio products,d&h distributing - sensio products
19,breville,breville kitchenware,breville kitchenware
20,gourmia,gourmia,gourmia
21,omega,omega juicers,omega juicers
22,omega,omega juicers,omega juicers
23,prepworks from progressive,progressive,progressive
24,omega,omega juicers,omega juicers
25,proctor silex,hamilton beach,hamilton beach
26,breville,breville kitchenware,breville kitchenware
27,hic harold import co.,hic harold import co.,hic harold import co.
28,hamilton beach,hamilton beach,hamilton beach
29,juiceman,juiceman,juiceman
30,black & decker,juiceman,juiceman
31,breville,breville kitchenware,breville kitchenware
32,coleman,coleman,coleman
33,breville,breville kitchenware,breville kitchenware
34,westinghouse,westinghouse select,westinghouse select
35,kitchenaid,kitchenaid,kitchenaid
36,themis,themis,themis
37,aicok,aicok,aicok
38,blackstone,north atlantic imports llc,north atlantic imports llc
39,pureguardian,guardian technologies,guardian technologies
40,char-broil,char-broil,char-broil
41,char-broil,charbroil,charbroil
42,george foreman,george foreman,george foreman
43,presto,national presto,national presto
44,homasy,,homasy
45,george foreman,george foreman,george foreman
46,kaz,vicks,vicks
47,vicks,vicks,vicks
48,blackstone,north atlantic imports llc,north atlantic imports llc
49,george foreman,spectrum brands,spectrum brands
50,taotronics,taotronics,taotronics
51,guardian technologies,"guardian technologies, llc","guardian technologies, llc"
52,char-broil,char broil,char broil
53,johnsonville,johnsonville,johnsonville
54,marsh allen,kay home products,kay home products
55,weber,weber,weber
56,char-broil,char-broil,char-broil
57,honeywell,honeywell,honeywell
58,char-griller,char-griller,char-griller
59,vicks,vicks,vicks
60,coleman,coleman,coleman
61,weber,weber,weber
62,weber,weber-stephen products llc,weber-stephen products llc
63,lodge,lodge,lodge
64,anypro,anypro,anypro
65,char-broil,char broil,char broil
66,anypro,anypro,anypro
67,aussie,"outdoor leisure products, inc","outdoor leisure products, inc"
68,yukon glory,yukonglory,yukonglory
69,,,victsing
70,remedies,remedies,remedies
71,taotronics,taotronics,taotronics
72,thermopro,thermopro,thermopro
73,vicks,vicks,vicks
74,livart,lg livart,lg livart
75,presto,national presto,national presto
76,thermopro,thermopro,thermopro
77,taotronics,taotronics,taotronics
78,pureguardian,guardian technologies,guardian technologies
79,arres,tyg store,tyg store
80,scott,scott,scott
81,hg global,"hosley international, inc","hosley international, inc"
82,johnsonville,johnsonville,johnsonville
83,vicks,vicks,vicks
84,homasy,,homasy
85,aptoyu,aptoyu,aptoyu
86,honeywell,honeywell,honeywell
87,aennon,aennon,aennon
88,fancii,fancii,fancii
89,simpli home,cct global sourcing,cct global sourcing
90,dritz,dritz,dritz
91,xopro,xopro,xopro
92,uxcell,uxcell,uxcell
93,creative grids,,
94,omnigrid,prym consumer usa,prym consumer usa
95,newair,newair,newair
96,newair,newair,newair
97,whirlpool,whirlpool,whirlpool
98,fiskars,fiskars,fiskars
99,fiskars,fiskars,fiskars
100,quilt in a day,quilt in a day,quilt in a day
101,omnigrid,omnigrid,omnigrid
102,omnigrip,omnigrip,omnigrip
103,omnigrip,omnigrip,omnigrip
104,6 gallon glass carboy,kegconnection,kegconnection
105,cm designs,cm designs,cm designs
106,omnigrid,prym consumer usa,prym consumer usa
107,bel-art products,bel-art,bel-art
108,southern homewares,southern homewares,southern homewares
109,nalgene,thermo scientific,thermo scientific
110,whirlpool,,
111,dritz,dritz,dritz
112,omnigrip,omnigrip,omnigrip
113,bc classics,mbr industries,mbr industries
114,earthox,earthox life sciences,earthox life sciences
115,clover,clover,clover
116,bel-art products,bel-art,bel-art
117,earthox,earthox life sciences,earthox life sciences
118,wheaton,wheaton,wheaton
119,vitapur,vitapur,vitapur
120,dritz,dritz,dritz
121,clover,clover,clover
122,,primo,primo
123,,,
124,azlon,azlon,azlon
125,whirlpool,whirlpool,whirlpool
126,whirlpool,whirlpool,whirlpool
127,dritz,dritz,dritz
128,labstock,mhb,mhb
129,cm designs,cm designs,cm designs
130,wright products,notions - in network,notions - in network
131,quilt in a day,quilt in a day,quilt in a day
132,sansone,sansone,sansone
133,panasonic,panasonic,panasonic
