,address,country,city,gender
0,,,,
1,,,,
2,,,,M
3,,,,M
4,,,,M
5,,,,M
6,,,,M
7,,,,M
8,"Kabul City Kabul Province, Quetta, Iltifat village Shakardara District",PAKISTAN,,
9,,,,
10,,,,
11,,QATAR,,
12,,,,M
13,,QATAR,,
14,,,,M
15,"Jalan Nakula Komplek Witana Harja III Blok C 106-107,Tangerang,INDONESIA",INDONESIA,Tangerang,
16,,ITALY,,
17,"Taman Bukit Ampang,Selangor,MALAYSIA",MALAYSIA,Selangor,
18,"Corso XXII Marzo 39,Milan,ITALY",ITALY,Milan,
19,,,Zehrouni Tunis,
20,,,,M
21,,SWITZERLAND,Ginevra,M
22,,IRAQ,,F
23,"Number 4 via Europa,Paderno Ponchielli (Cremona),ITALY",ITALY,Paderno Ponchielli (Cremona),
24,,UNITED KINGDOM,London,
25,,,,
26,,,,
27,"Daman District,Kandahar Province,AFGHANISTAN",AFGHANISTAN,Kandahar Province,
28,,RWANDA,Rubavu,
29,,LIBYA,,
30,,,,
31,,,,M
32,,,,
33,,,,
34,,,,M
35,"Jalan M. Saidi RT 010 RW 001 Pesanggrahan South Petukangan,South Jakarta,INDONESIA",INDONESIA,South Jakarta,
36,,,,M
37,,SOMALIA,,
38,,,,M
39,"4 Masjid al-Qadesia Lake Road,Lahore,PAKISTAN",PAKISTAN,Lahore,
40,"1 3RD PL UNIT 703,Chaco,Argentina",Argentina,Chaco,F
41,"1 AVIGNON,Buenos Aires,Argentina",Argentina,Buenos Aires,F
42,"1 BLACKSWAN,Santa Fe,Argentina",Argentina,Santa Fe,F
43,"1 BLUE HORIZON,Misiones,Argentina",Argentina,Misiones,M
44,"1 BRISA DEL LAGO,Neuquen,Argentina",Argentina,Neuquen,M
45,"1 CALDWELL LN,Tucumán,Argentina",Argentina,Tucumán,M
46,"1 CALLE PACIFICA,Rio Negro,Argentina",Argentina,Rio Negro,F
47,"1 MCGWIRE RD APT 169,Chubut,Argentina",Argentina,Chubut,M
48,"1 MCGWIRE RD APT 178,Valencia,Spain",Spain,Valencia,M
49,"1 MCGWIRE RD APT 313,Balearic Islands,Spain",Spain,Balearic Islands,M
50,"1 MEADOWOOD,Valencia,Spain",Spain,Valencia,M
51,"1 MONROE APT 93,Valencia,Spain",Spain,Valencia,F
52,"1 NEW HVN,Castille-La Mancha,Spain",Spain,Castille-La Mancha,M
53,"1 OCEAN RIDGE DR,Murcia,Spain",Spain,Murcia,M
54,"1 OPTIMA,Andalusia,Spain",Spain,Andalusia,F
55,"1 SCHUBERT CT,Andalusia,Spain",Spain,Andalusia,M
56,"1 SORBONNE,Valencia,Spain",Spain,Valencia,M
57,"1 STONEWOOD,Andalusia,Spain",Spain,Andalusia,M
58,"1 TECHNOLOGY DR STE B123,Valencia,Spain",Spain,Valencia,F
59,"1 TWIN BR,Castille-La Mancha,Spain",Spain,Castille-La Mancha,M
60,"100 VIA GENOA,England,United Kingdom",United Kingdom,England,M
61,"100 W MIDWAY DR SPC 129,England,United Kingdom",United Kingdom,England,F
62,"100 W MIDWAY DR SPC 239,England,United Kingdom",United Kingdom,England,M
63,"100 WEATHERVANE,England,United Kingdom",United Kingdom,England,M
64,"1000 E BISHOP ST UNIT K4,England,United Kingdom",United Kingdom,England,M
65,"1000 E BISHOP ST UNIT O2,England,United Kingdom",United Kingdom,England,M
66,"1000 N PRINCETON AVE,England,United Kingdom",United Kingdom,England,F
67,"1000 NANTUCKET ST,England,United Kingdom",United Kingdom,England,F
68,"1000 S CITRON ST,Attica,Greece",Greece,Attica,M
69,"1000 S COAST DR APT H105,Attica,Greece",Greece,Attica,M
70,"1000 S COAST DR APT R101,Central Greece,Greece",Greece,Central Greece,M
71,"1000 S COAST DR APT S202,Thessaly,Greece",Greece,Thessaly,F
72,"1000 S TAMARACK DR APT 2,Central Greece,Greece",Greece,Central Greece,M
73,"1000 SEGOVIA CIR,Attica,Greece",Greece,Attica,F
74,"10001 KUKUI DR,South Aegean,Greece",Greece,South Aegean,M
75,"10002 ALICE CIR,Attica,Greece",Greece,Attica,M
76,"10002 SAINT AGNES CIR,Peloponnese,Greece",Greece,Peloponnese,M
77,"10611 ARTCRAFT AVE,Eastern Province,Saudi Arabia",Saudi Arabia,Eastern Province,F
78,"10611 SYCAMORE AVE,Guadalcanal,Solomon Islands",Solomon Islands,Guadalcanal,F
79,"10612 SYCAMORE AVE,English River,Seychelles",Seychelles,English River,F
80,"10021 RODEO CT,Attica,Greece",Greece,Attica,M
81,"1003 S CLARENCE ST,Attica,Greece",Greece,Attica,M
82,"1003 SHADOW CANYON RD,Mangilao,Guam",Guam,Mangilao,M
83,"1003 W BISHOP ST APT 9,Bissau,Guinea-Bissau",Guinea-Bissau,Bissau,F
84,"10031 MCMICHAEL DR,Bafatá,Guinea-Bissau",Guinea-Bissau,Bafatá,F
85,"10032 GREEN FERN CIR,East Berbice-Corentyne,Guyana",Guyana,East Berbice-Corentyne,M
86,"10032 ROADS END DR,Upper Demerara-Berbice,Guyana",Guyana,Upper Demerara-Berbice,M
87,"10033 MELGAR DR,Demerara-Mahaica,Guyana",Guyana,Demerara-Mahaica,M
88,"10037 VICTORIA AVE,Tsuen Wan,Hong Kong",Hong Kong,Tsuen Wan,F
89,"10040 SAN JUAN CT,Yuen Long,Hong Kong",Hong Kong,Yuen Long,M
90,"10042 EL CAPITAN DR,Tuen Mun,Hong Kong",Hong Kong,Tuen Mun,F
91,"10042 SIGNET CIR,Tai Po,Hong Kong",Hong Kong,Tai Po,M
92,"1005 CONCORD ST,Sha Tin,Hong Kong",Hong Kong,Sha Tin,M
93,"1012 E PALMDALE AVE,GrandʼAnse,Haiti",Haiti,GrandʼAnse,M
94,"1012 EL DORADO DR,Sud-Est,Haiti",Haiti,Sud-Est,M
95,"1012 N MAGNOLIA AVE,Gauteng,South Africa",South Africa,Gauteng,M
96,"10550 WESTERN AVE SPC 70,MO,Russia",Russia,MO,F
97,"10552 ROSE ST,Eastern Province,Rwanda",Rwanda,Eastern Province,F
98,"10552 STERN AVE,Northern Province,Rwanda",Rwanda,Northern Province,F
